{
  "window": 12,
  "dt": 0.08333333333333333,
  "channels": [
    "remaining_mm",
    "loss_per_step_mm"
  ],
  "regimes": [
    "linear",
    "pitting",
    "passivation"
  ],
  "scaling": {
    "ch_mean": [
      3.648557662963867,
      -0.04578647390007973
    ],
    "ch_std": [
      2.2496273517608643,
      0.07145526260137558
    ],
    "y_mean": 8.155698776245117,
    "y_std": 6.375625133514404
  },
  "metrics": {
    "mae_years": 1.6572383642196655,
    "rmse_years": 2.6365127563476562
  }
}